date,RELIANCE,TCS,HDFCBANK,INFY,ICICIBANK,WIPRO,BAJFINANCE,HCLTECH,market_nifty50
2025-01-02,2396.73,3793.18,1648.56,1496.77,1018.86,489.17,7241.65,1315.76,16967.46
2025-01-03,2402.81,3809.43,1678.65,1512.71,1021.36,484.14,7137.23,1321.67,17196.66
2025-01-06,2406.23,3806.4,1693.38,1480.94,1017.39,488.09,7236.45,1317.96,17056.49
2025-01-07,2417.11,3854.11,1666.46,1494.75,995.09,469.3,7176.36,1300.91,17131.4
2025-01-08,2443.13,3786.72,1688.97,1473.48,994.6,467.61,7194.42,1317.93,17095.76
2025-01-09,2457.91,3826.67,1702.44,1460.8,984.69,464.69,7254.06,1314.04,17350.36
2025-01-10,2429.67,3766.66,1723.43,1493.12,992.95,470.89,7415.07,1313.24,16786.56
2025-01-13,2412.22,3823.51,1687.49,1495.07,997.52,469.04,7501.49,1325.73,17348.21
2025-01-14,2436.58,3791.62,1674.62,1477.62,1012.57,465.43,7499.59,1341.69,16891.48
2025-01-15,2427.8,3689.93,1648.77,1466.22,1019.69,474.13,7503.51,1348.02,17025.2
2025-01-16,2469.25,3742.33,1656.86,1445.16,1034.32,477.22,7647.61,1348.49,17292.97
2025-01-17,2457.93,3834.75,1661.05,1435.12,1017.64,476.52,7817.0,1366.08,17103.33
2025-01-20,2372.3,3878.71,1676.23,1424.43,1008.88,476.88,8025.5,1345.55,16935.83
2025-01-21,2422.66,3855.86,1668.41,1427.66,990.9,478.83,7886.3,1364.49,17000.48
2025-01-22,2507.58,3875.19,1703.92,1400.89,989.88,481.53,8099.12,1331.18,17148.59
2025-01-23,2531.83,3967.43,1723.49,1403.1,982.93,472.9,8129.34,1328.42,17303.04
2025-01-24,2510.65,3989.67,1684.31,1395.9,987.57,479.12,8312.43,1328.6,16832.41
2025-01-27,2529.9,4023.8,1698.08,1382.35,1005.15,480.13,8406.34,1355.05,17091.39
2025-01-28,2542.8,4156.96,1705.65,1377.32,1007.64,491.19,8428.03,1366.69,17179.36
2025-01-29,2525.27,4052.63,1714.68,1383.17,999.26,498.0,8511.58,1347.39,17077.73
2025-01-30,2519.86,3965.72,1727.7,1383.34,988.89,502.3,8580.71,1336.8,17060.05
2025-01-31,2560.24,3926.5,1738.95,1384.5,1023.29,488.67,8677.07,1331.73,16984.97
2025-02-03,2635.32,3929.14,1798.79,1376.43,1029.49,485.46,8594.11,1334.04,16957.61
2025-02-04,2645.43,3808.22,1854.26,1374.08,1057.23,478.51,8638.7,1398.44,16869.54
2025-02-05,2588.21,3780.05,1868.89,1389.47,1078.54,477.05,8437.99,1390.43,17186.03
2025-02-06,2608.36,3672.11,1869.4,1419.72,1113.81,481.45,8483.89,1365.68,16873.51
2025-02-07,2612.28,3702.76,1887.16,1410.67,1095.46,476.22,8343.44,1379.95,16653.16
2025-02-10,2601.31,3730.71,1931.75,1413.31,1112.79,473.75,8256.95,1367.09,17229.1
2025-02-11,2642.19,3760.97,2029.79,1413.76,1124.04,476.31,8236.07,1415.68,17225.99
2025-02-12,2588.84,3741.42,2044.46,1431.5,1102.2,460.58,8007.14,1415.3,16984.52
2025-02-13,2604.32,3701.22,2008.55,1389.21,1108.52,463.51,8132.81,1433.22,16971.39
2025-02-14,2659.11,3696.61,1990.25,1379.47,1099.68,448.82,8158.39,1439.74,16945.66
2025-02-17,2632.76,3720.18,2043.1,1381.37,1092.19,445.2,8156.38,1413.58,16981.21
2025-02-18,2637.28,3826.09,2073.65,1403.9,1081.38,450.03,8023.51,1421.33,17062.81
2025-02-19,2609.07,3943.9,2092.96,1364.95,1091.21,447.64,8030.09,1432.4,17058.58
2025-02-20,2531.35,3878.53,2118.89,1392.68,1123.23,460.11,7788.92,1450.08,16712.56
2025-02-21,2594.64,3896.37,2084.31,1435.78,1134.98,447.43,7829.44,1435.34,17016.69
2025-02-24,2578.61,3979.76,2041.48,1443.76,1166.77,442.24,7860.44,1440.84,16896.54
2025-02-25,2605.73,3988.74,2014.21,1483.07,1181.56,441.49,7791.66,1425.04,17184.64
2025-02-26,2602.09,4019.42,2010.25,1497.97,1180.45,446.9,7776.48,1443.91,17100.86
2025-02-27,2599.62,3970.8,1983.51,1482.52,1163.96,453.06,7777.27,1479.07,17341.9
2025-02-28,2602.64,3881.77,1973.75,1482.03,1138.9,451.72,7816.97,1470.06,16884.74
2025-03-03,2575.1,3988.91,1970.6,1464.77,1133.44,458.55,7742.94,1481.86,17109.18
2025-03-04,2606.1,4075.85,1955.9,1490.83,1120.87,456.19,7888.05,1501.33,17000.31
2025-03-05,2561.61,4113.45,1938.97,1471.36,1110.87,458.24,7643.4,1510.66,17026.09
2025-03-06,2541.2,4180.72,1958.3,1459.16,1100.59,463.38,7475.7,1504.33,16905.34
2025-03-07,2545.9,4197.3,1960.95,1485.17,1105.24,461.56,7345.9,1521.82,17079.22
2025-03-10,2603.34,4153.6,1963.3,1485.05,1104.67,462.0,7162.85,1541.87,17097.98
2025-03-11,2649.57,4297.08,1955.48,1485.43,1105.72,475.83,6982.57,1554.34,16779.38
2025-03-12,2549.09,4170.26,1916.51,1510.44,1092.2,474.59,6866.29,1569.83,16834.71
2025-03-13,2601.51,4111.47,1896.06,1514.43,1093.48,485.11,6884.18,1542.64,16915.95
2025-03-14,2581.24,4159.47,1908.49,1512.93,1108.62,481.65,6875.62,1548.06,17229.23
2025-03-17,2579.49,4140.91,1880.08,1529.71,1099.73,484.52,6685.0,1573.52,16800.21
2025-03-18,2551.48,4209.98,1843.95,1529.11,1101.83,477.65,6825.01,1610.15,16704.26
2025-03-19,2498.07,4264.39,1809.38,1521.42,1104.85,482.99,6807.61,1613.74,16883.49
2025-03-20,2548.49,4236.12,1820.05,1510.96,1107.5,482.16,6796.47,1590.49,17119.46
2025-03-21,2604.58,4254.96,1841.5,1531.16,1123.8,484.74,6823.55,1612.38,17010.32
2025-03-24,2568.61,4259.89,1790.81,1532.25,1131.67,494.11,6844.49,1636.12,16999.92
2025-03-25,2531.23,4173.11,1766.19,1502.08,1143.33,492.97,6908.52,1639.23,17156.61
2025-03-26,2573.51,4136.05,1760.34,1491.28,1116.44,498.36,7037.24,1640.38,16926.02
2025-03-27,2617.68,3993.88,1766.43,1495.68,1107.77,509.16,7145.34,1635.27,16987.0
2025-03-28,2604.54,3966.39,1733.18,1527.84,1125.74,515.66,7033.77,1687.62,17297.02
2025-03-31,2613.97,3915.77,1712.04,1538.65,1111.22,515.81,7154.26,1650.83,17300.86
2025-04-01,2677.49,3846.24,1677.11,1533.34,1094.92,514.18,6882.99,1646.49,17270.43
2025-04-02,2634.79,3833.56,1640.98,1549.25,1092.1,529.56,6909.85,1638.62,17082.54
2025-04-03,2616.89,3759.61,1649.73,1546.43,1095.7,532.97,6862.48,1650.29,17260.65
2025-04-04,2575.5,3860.6,1645.04,1529.88,1136.47,534.64,7009.04,1671.85,16747.91
2025-04-07,2582.23,3833.27,1613.25,1490.45,1139.12,539.8,7055.72,1665.52,16880.22
2025-04-08,2546.07,3804.42,1589.54,1487.1,1139.64,532.98,7036.81,1647.86,16999.33
2025-04-09,2567.47,3817.63,1602.07,1451.44,1134.08,535.62,7110.12,1609.68,17023.88
2025-04-10,2615.99,3810.46,1601.07,1462.41,1139.19,541.47,7123.53,1614.65,16882.63
2025-04-11,2611.39,3885.13,1597.45,1459.88,1131.7,548.3,7037.9,1637.99,16859.45
2025-04-14,2572.04,3900.24,1601.85,1467.56,1150.64,545.35,7090.3,1616.95,17188.88
2025-04-15,2598.5,3934.75,1607.65,1451.44,1145.91,549.89,7093.93,1621.24,16796.03
2025-04-16,2607.64,3897.06,1582.81,1449.23,1114.92,556.09,7190.27,1621.24,16850.93
2025-04-17,2572.75,3891.34,1526.53,1454.31,1126.92,553.93,7142.7,1626.96,17052.6
2025-04-18,2617.03,3895.53,1511.96,1445.41,1130.9,567.3,7114.1,1602.58,16869.48
2025-04-21,2536.83,3917.92,1482.3,1419.82,1098.28,558.24,7180.45,1572.34,16737.55
2025-04-22,2545.64,3901.0,1493.1,1436.73,1099.02,547.82,7172.86,1585.4,16912.55
2025-04-23,2492.79,3968.64,1484.99,1429.06,1100.16,556.73,7206.96,1578.74,17102.32
2025-04-24,2575.07,4054.43,1501.17,1406.15,1162.96,547.17,7172.53,1563.43,17244.03
2025-04-25,2593.36,3970.88,1508.4,1418.81,1158.33,537.59,7100.26,1554.44,17003.41
2025-04-28,2575.21,4017.85,1488.11,1383.1,1146.41,548.9,7044.9,1610.26,17073.72
2025-04-29,2532.29,3970.78,1494.73,1359.77,1188.16,541.18,7122.49,1646.82,16983.62
2025-04-30,2496.49,3957.69,1504.05,1378.72,1190.12,530.25,7132.71,1631.5,16672.51
2025-05-01,2472.37,3875.82,1518.49,1420.03,1224.25,526.12,7088.41,1649.66,17159.19
2025-05-02,2458.82,3870.63,1569.97,1418.88,1216.32,527.49,7155.72,1625.7,16962.74
2025-05-05,2417.77,3857.57,1615.43,1435.8,1215.6,520.53,7128.02,1652.62,16915.75
2025-05-06,2472.31,3781.17,1609.69,1474.48,1179.96,530.23,6935.77,1651.71,16974.12
2025-05-07,2504.86,3605.28,1564.67,1463.14,1181.56,523.55,6918.34,1623.64,16939.81
2025-05-08,2475.05,3621.36,1579.57,1495.76,1170.87,521.47,6928.83,1617.76,16992.2
2025-05-09,2419.03,3644.45,1559.15,1475.49,1143.91,530.97,6919.76,1646.95,17040.85
2025-05-12,2359.16,3588.12,1578.12,1459.72,1126.12,529.97,6906.93,1623.27,16951.08
2025-05-13,2344.11,3451.59,1591.28,1443.12,1149.06,521.25,6748.8,1653.49,16762.24
2025-05-14,2323.62,3485.28,1584.68,1408.44,1153.22,520.15,6884.17,1669.41,17455.36
2025-05-15,2268.11,3486.94,1560.59,1433.96,1168.36,526.45,6809.41,1652.09,16695.55
2025-05-16,2328.08,3516.31,1555.73,1455.19,1182.45,534.57,6649.03,1635.72,17029.32
2025-05-19,2342.35,3569.61,1533.44,1459.13,1222.51,540.55,6741.18,1636.56,17115.14
2025-05-20,2407.61,3578.18,1562.82,1441.14,1234.31,548.31,6670.53,1664.83,16898.71
2025-05-21,2380.46,3580.98,1609.36,1448.98,1252.62,542.73,6683.62,1636.78,16914.33
2025-05-22,2412.2,3581.78,1645.68,1445.74,1249.9,553.56,6623.94,1600.78,17195.19
2025-05-23,2429.12,3468.32,1648.1,1438.14,1283.61,547.95,6571.53,1580.2,16841.89
2025-05-26,2405.54,3396.39,1623.93,1404.63,1255.81,535.57,6525.42,1565.26,16816.03
2025-05-27,2424.72,3396.66,1614.71,1395.98,1286.82,537.93,6577.17,1505.79,16901.94
2025-05-28,2347.7,3377.66,1625.04,1382.98,1297.86,530.11,6639.24,1471.9,16960.75
2025-05-29,2364.36,3407.51,1623.24,1424.33,1290.83,526.95,6369.74,1512.13,16944.65
2025-05-30,2324.54,3477.75,1654.62,1427.78,1264.08,530.68,6315.46,1486.78,17156.51
2025-06-02,2252.04,3510.12,1667.34,1472.85,1271.26,514.72,6241.31,1489.41,17053.33
2025-06-03,2286.97,3409.75,1660.42,1495.46,1301.72,529.5,6209.77,1515.12,17256.76
2025-06-04,2329.9,3449.49,1682.37,1478.94,1274.5,537.73,6182.41,1515.69,16913.19
2025-06-05,2318.03,3464.29,1657.93,1481.64,1280.22,537.54,6118.39,1534.79,17280.9
2025-06-06,2298.98,3531.21,1681.37,1423.86,1266.63,532.84,6195.03,1540.36,17071.16
2025-06-09,2322.76,3486.42,1663.89,1398.88,1264.41,532.31,6215.9,1524.79,17135.98
2025-06-10,2356.57,3570.09,1682.97,1403.89,1278.17,537.6,6160.1,1555.5,17257.78
2025-06-11,2428.34,3574.83,1692.5,1413.78,1279.14,543.02,6153.83,1552.22,17263.85
2025-06-12,2436.28,3581.28,1716.25,1418.1,1285.76,542.94,6046.1,1552.74,16829.47
2025-06-13,2445.91,3520.68,1741.22,1435.17,1292.2,542.56,6088.69,1508.22,16835.48
2025-06-16,2442.41,3541.73,1740.54,1414.69,1295.82,539.3,5995.97,1516.88,16968.5
2025-06-17,2488.2,3579.92,1761.11,1422.65,1280.43,532.16,5868.45,1583.6,16838.08
2025-06-18,2482.36,3563.43,1755.09,1411.32,1245.57,524.62,5750.73,1581.86,16897.37
2025-06-19,2458.76,3577.82,1741.15,1432.18,1239.35,526.81,5641.01,1598.71,16939.22
2025-06-20,2475.8,3598.39,1738.01,1438.0,1233.18,537.87,5724.58,1611.56,16822.98
2025-06-23,2436.96,3565.44,1733.01,1448.81,1217.58,547.8,5729.47,1564.19,16928.7
2025-06-24,2344.41,3528.09,1720.12,1436.7,1212.61,545.0,5683.03,1600.69,17182.24
2025-06-25,2306.13,3597.27,1679.66,1420.29,1241.32,527.13,5736.57,1571.87,16978.4
2025-06-26,2301.74,3691.73,1660.58,1419.96,1253.99,525.56,5670.42,1571.73,17014.03
2025-06-27,2334.1,3642.46,1650.72,1427.97,1251.85,524.52,5673.51,1556.58,16880.05
2025-06-30,2351.4,3585.54,1680.9,1433.77,1228.88,527.17,5692.28,1575.62,17173.83
2025-07-01,2340.36,3550.34,1666.97,1413.82,1216.1,529.84,5698.14,1565.27,16889.26
2025-07-02,2354.44,3526.47,1642.29,1411.73,1212.25,521.76,5773.4,1586.39,17006.13
2025-07-03,2360.95,3557.18,1642.84,1431.73,1243.33,522.81,5816.15,1608.44,16949.29
2025-07-04,2322.88,3608.37,1605.5,1471.29,1260.56,524.7,5825.26,1651.98,16858.07
2025-07-07,2284.31,3578.88,1600.48,1450.25,1264.48,526.19,5758.81,1693.02,16791.19
2025-07-08,2242.39,3601.93,1596.78,1460.5,1253.75,518.45,5707.65,1677.01,17078.75
2025-07-09,2228.04,3645.95,1612.14,1484.47,1271.69,524.96,5778.13,1665.35,16960.72
2025-07-10,2168.66,3664.82,1597.14,1494.6,1282.77,514.73,5694.88,1657.96,16922.36
2025-07-11,2175.83,3604.24,1599.55,1457.94,1242.33,520.68,5587.93,1645.36,16787.4
2025-07-14,2131.59,3585.56,1590.99,1480.59,1251.7,519.06,5655.91,1674.23,17061.69
2025-07-15,2120.3,3643.21,1634.47,1496.44,1285.95,526.69,5732.45,1648.19,16832.97
2025-07-16,2120.42,3554.89,1621.24,1517.11,1274.15,531.32,5620.85,1637.3,17153.52
2025-07-17,2128.75,3573.21,1663.99,1547.83,1258.41,542.25,5573.47,1638.18,17002.28
2025-07-18,2164.72,3515.54,1676.6,1561.23,1274.73,540.97,5661.82,1622.01,17172.06
2025-07-21,2177.89,3444.52,1688.2,1566.68,1268.95,535.43,5645.95,1588.22,17253.61
2025-07-22,2142.77,3413.11,1718.54,1581.68,1283.67,548.04,5624.03,1564.56,17126.64
2025-07-23,2170.08,3399.1,1687.29,1612.34,1295.78,537.19,5694.33,1531.99,16927.61
2025-07-24,2135.25,3369.3,1667.55,1598.8,1310.89,539.99,5752.59,1558.32,16944.09
2025-07-25,2139.52,3399.19,1711.58,1621.64,1339.1,548.68,5848.42,1517.85,17132.13
2025-07-28,2148.06,3404.67,1699.41,1612.59,1348.53,556.03,5721.7,1524.03,16915.9
2025-07-29,2119.14,3427.44,1692.39,1597.94,1334.05,558.82,5725.42,1500.29,16873.85
2025-07-30,2115.03,3451.01,1667.1,1610.92,1318.63,582.13,5649.19,1483.71,17029.1
2025-07-31,2088.09,3496.61,1713.48,1602.84,1323.1,578.07,5653.71,1516.76,17134.14
2025-08-01,2061.44,3580.49,1744.72,1615.82,1311.08,579.1,5590.77,1528.61,16952.53
2025-08-04,1993.98,3633.1,1751.13,1643.25,1309.45,581.2,5688.78,1538.72,17043.2
2025-08-05,2091.72,3626.8,1756.97,1687.31,1294.69,572.59,5571.13,1552.27,17093.84
2025-08-06,2116.66,3556.07,1784.88,1718.96,1293.84,573.33,5632.04,1562.06,17096.3
2025-08-07,2083.87,3549.6,1753.85,1736.61,1305.17,572.94,5661.62,1526.84,17128.69
2025-08-08,2070.93,3559.31,1784.6,1718.29,1329.65,574.46,5668.54,1540.8,16812.95
2025-08-11,2091.04,3565.44,1813.77,1714.08,1323.47,578.1,5668.03,1514.9,16970.91
2025-08-12,2132.47,3563.31,1791.54,1733.86,1287.73,560.18,5672.21,1520.22,17033.06
2025-08-13,2105.62,3558.12,1755.38,1740.96,1257.56,559.37,5699.0,1481.38,16921.62
2025-08-14,2132.2,3643.64,1717.18,1751.23,1235.25,548.53,5840.0,1497.41,16879.37
2025-08-15,2140.91,3681.64,1723.22,1811.66,1247.46,524.34,5819.25,1482.06,16969.38
2025-08-18,2143.06,3648.63,1696.56,1850.16,1259.64,519.48,5883.23,1498.26,17190.1
2025-08-19,2110.85,3694.23,1682.45,1883.7,1257.01,502.19,5891.06,1459.36,16967.43
2025-08-20,2110.7,3674.95,1646.27,1853.68,1242.09,500.72,6009.63,1476.05,16929.17
2025-08-21,2152.72,3602.48,1664.5,1850.29,1247.49,505.92,5953.18,1494.97,16998.6
2025-08-22,2232.32,3588.92,1697.52,1869.73,1226.52,516.65,5863.25,1446.11,17128.0
2025-08-25,2269.9,3594.59,1692.23,1915.64,1240.6,511.98,5932.28,1420.3,16916.15
2025-08-26,2235.93,3478.84,1663.7,1952.3,1221.16,508.17,5833.72,1439.88,17000.18
2025-08-27,2254.18,3476.11,1635.81,1925.34,1237.47,508.14,5906.15,1372.73,17166.52
2025-08-28,2239.28,3592.19,1624.59,1927.7,1250.72,501.87,5988.19,1360.54,17193.37
2025-08-29,2267.71,3621.77,1608.24,1923.15,1257.35,486.96,5943.42,1380.77,16809.77
2025-09-01,2313.03,3590.53,1617.32,1891.58,1267.49,490.73,6049.48,1409.92,17188.03
2025-09-02,2322.13,3527.36,1650.73,1856.09,1260.16,496.55,6094.57,1444.74,16999.39
2025-09-03,2265.12,3515.62,1656.36,1847.81,1287.87,495.1,5968.18,1456.01,16827.85
2025-09-04,2324.69,3532.68,1622.82,1879.21,1334.67,480.61,6053.8,1467.75,17026.35
2025-09-05,2338.52,3561.57,1607.25,1920.49,1308.72,495.11,6197.37,1442.81,16999.19
2025-09-08,2390.2,3538.19,1604.62,1910.43,1332.69,490.99,6201.41,1455.66,16968.86
2025-09-09,2361.05,3469.82,1569.36,1878.15,1299.36,486.03,6234.3,1458.01,16876.01
2025-09-10,2326.88,3420.89,1537.94,1844.84,1314.32,476.18,6240.91,1445.66,17364.19
